Name,Family,ExtId__c
Seahaven,Home,2
Beachshack,Garden,3
Oceanio,Outdoor,4
Seafluent,Home,5
Flowerava,Garden,6
Gardenstation,Outdoor,7
Flowerex,Home,8
Oceanhaven,Garden,9
Beachya,Outdoor,10
Flowerhut,Home,11
Gardencouch,Garden,12
Beachfluent,Outdoor,13
Seaava,Home,14
Oceangenics,Garden,15
Oceanology,Outdoor,16
Beachsio,Home,17
Seaorama,Garden,18
Flowercouch,Outdoor,19
Gardenology,Home,20
Flowersy,Garden,21
Gardenex,Outdoor,22
Oceanjet,Home,23
Oceannetic,Garden,24
Oceanshack,Outdoor,25
Oceanprism,Home,26
Seaworks,Garden,27
Oceancog,Outdoor,28
Seacog,Home,29
Flowerjet,Garden,30
Gardenorama,Outdoor,31
Floweregy,Home,32
Seaex,Garden,33
Oceansy,Outdoor,34
Oceanry,Home,35
Beachorama,Garden,36
Seajet,Outdoor,37
Beachio,Home,38
Seaya,Garden,39
Flowernest,Outdoor,40
Oceanwind,Home,41
Seaverse,Garden,42
Oceanverse,Outdoor,43
Gardenprism,Home,44
Oceancouch,Garden,45
Flowerzoid,Outdoor,46
Oceanstop,Home,47
Oceanvio,Garden,48
Gardenwind,Outdoor,49
Gardenry,Home,50
Oceanzoid,Garden,51
Gardenava,Outdoor,52
Seapad,Home,53
Gardensy,Garden,54
Flowerzilla,Outdoor,55
Beachzilla,Home,56
Oceanstation,Garden,57
Oceanworks,Outdoor,58
Gardenya,Home,59
Gardenistic,Garden,60
Oceanorama,Outdoor,61
Gardengenics,Home,62
Flowersquad,Garden,63
Beachstop,Outdoor,64
Gardenio,Home,65
Beachava,Garden,66
Oceanpad,Outdoor,67
Seaify,Home,68
Gardenjet,Garden,69
Oceantap,Outdoor,70
Beachdo,Home,71
Flowerya,Garden,72
Gardengenix,Outdoor,73
Oceanya,Home,74
Beachegy,Garden,75
Flowergenics,Outdoor,76
Beachtap,Home,77
Beachstation,Garden,78
Flowertap,Outdoor,79
Oceangenix,Home,80
Seaegy,Garden,81
Gardenstop,Outdoor,82
Seasio,Home,83
Flowernetic,Garden,84
Oceanaholic,Outdoor,85
Seagenix,Home,86
Gardenhaven,Garden,87
Flowerstation,Outdoor,88
Beachsy,Home,89
Oceanhut,Garden,90
Beachverse,Outdoor,91
Gardenly,Home,92
Gardenfluent,Garden,93
Beachprism,Outdoor,94
Seastop,Home,95
Gardenify,Garden,96
Sealy,Outdoor,97